{"cameraMode":{"drawMode":0,"name":"Shaded","section":"Shading Mode"},"sceneLighting":true,"audioPlay":false,"sceneViewState":{"m_AlwaysRefresh":false,"showFog":true,"showSkybox":true,"showFlares":true,"showImageEffects":true,"showParticleSystems":true,"showVisualEffectGraphs":true,"m_FxEnabled":true},"in2DMode":false,"pivot":{"x":3.9530344009399416,"y":-144.2528533935547,"z":35.692893981933597},"rotation":{"x":-0.6344404816627502,"y":-0.0006525893113575876,"z":-0.000008749350854486693,"w":-0.7734299898147583},"size":80.83760833740235,"orthographic":false}